bold,group,html-class,eng,ita,de
,1,tc2,Get the,Misura il,Holen Sie sich das
1,1,tc3,True Impact,Vero impatto,Wahre Wirkung
,1,tc4,of your Marketing.,del tuo Marketing.,Ihres Marketings.
,2,tc5,Explore our Solutions,I Nostri Servizi,Entdecken Sie unsere Lösungen
,3,tc6,Book a free consultation,Consultazione Gratuita,Buchen Sie eine kostenlose Beratung
,4,tc7,Solving your business questions,Rispondi alle necessita' del tuo business,Lösung Ihrer geschäftlichen Fragen
,5,tc8,Unbiased true uplift of your marketing,Vero e proprio miglioramento imparziale del tuo marketing,"Unvoreingenommene, echte Steigerung Ihres Marketings"
,6,tc9,In a world with a wealth of data and multiple reporting methodologies.,In un mondo ricco di dati e con molteplici metodologie di reporting.,In einer Welt mit einer Fülle von Daten und vielfältigen Berichtsmethoden.
,6,tc10,We,Noi,Wir
1,6,tc11,partner with all teams,collaboriamo con tutti i tuoi team,Partner aller Teams
,6,tc12,to ensure we use the right measurement approaches that are clear & can be implemented by the business,per garantire la misurazione in modo che sia chiaria e possa essere implementata dall'azienda,"um sicherzustellen, dass wir die richtigen Messansätze verwenden, die klar sind und vom Unternehmen umgesetzt werden können"
,7,tc13,Get started,Inizia,Fangen Sie an
,8,tc14,Measure the true impact of performance campaigns,Misura il vero impatto delle campagne a performance,Messen Sie die tatsächliche Wirkung von Performance-Kampagnen
,9,tc15,Traditional marketing performance reporting methods don't show the incremental impact of my marketing,I metodi tradizionali di reporting delle prestazioni marketing non mostrano l'impatto incrementale del mio marketing,Herkömmliche Methoden zur Berichterstattung über die Marketingleistung zeigen nicht die inkrementellen Auswirkungen meines Marketings
,10,tc16,We measure,Misuriamo,Wir messen
1,10,tc17,True Uplift,il Vero impatto,Wahrer Aufschwung
,10,tc18,on a fair like-for-like comparison of media channels.,"dei canali media, su un piano comparabile ed imparziale.",auf einem fairen Like-for-Like-Vergleich der Medienkanäle.
,11,tc19,Allocate & optimise your media budgets,Assegna e ottimizza i tuoi budget di marketing,Weisen Sie Ihre Mediabudgets zu und optimieren Sie sie
,12,tc20,Measure all marketing channels on a like for like basis & drive growth by:,Misura tutti i canali di marketing su base comparabile e genera un valore concreto:,Messen Sie alle Marketingkanäle auf einer Like-for-Like-Basis und fördern Sie das Wachstum durch:
,13,tc21,Optimise the same marketing budget level to drive uplift,"Ottimizza lo stesso livello di budget di marketing, aumentando l'impatto","Optimieren Sie das gleiche Marketingbudget, um die Steigerung zu steigern"
,14,tc22,Set marketing budget that maximises your profit,Imposta un budget di marketing che massimizzi il tuo profitto,"Legen Sie ein Marketingbudget fest, das Ihren Gewinn maximiert"
,15,tc23,Input pre-set budget level & understand what revenue/profit it will drive,Inserisci il livello di budget desiderato e scopri quali entrate/profitti genererà,"Geben Sie das voreingestellte Budgetniveau ein und verstehen Sie, welchen Umsatz/Gewinn es erzielen wird"
,16,tc24,Ensure measurement leads to action,Assicurarsi che la misurazione porti all’azione,"Stellen Sie sicher, dass die Messung zu Maßnahmen führt"
,17,tc25,We work with all areas of your team to ensure the measurement is understood and that teams can take action from the results.,Lavoriamo con tutte le aree del tuo team per garantire che la misurazione venga compresa e che i team possano agire in base ai risultati.,"Wir arbeiten mit allen Bereichen Ihres Teams zusammen, um sicherzustellen, dass die Messung verstanden wird und die Teams aus den Ergebnissen Maßnahmen ergreifen können."
,18,tc26,Driving growth for your business,Promuovere la crescita del tuo business,Fördern Sie das Wachstum Ihres Unternehmens
,19,tc27,Take control of your data,Prendi il controllo dei tuoi dati,Übernehmen Sie die Kontrolle über Ihre Daten
,20,tc28,Contact us,Contattaci,Kontaktieren Sie uns
,21,tc29,Have any project on mind?,Hai qualche progetto in mente?,Haben Sie ein Projekt im Kopf?
,21,tc30,For immediate support:,Per supporto immediato:,Für sofortige Unterstützung:
,22,tc31,Schedule a Call,Prenota una call,Vereinbaren Sie einen Anruf
,23,tc32,Why wait,Perché aspettare,Warum warten?
,24,tc33,Measurement Platform,Piattaforma di misurazione,Messplattform
,25,tc34,Full Service Measurement,Servizio Completo,Full-Service-Messung
,26,tc35,Why measure with Linea?,Perché misurare con Linea?,Warum mit Linea messen?
,27,tc36,What service is right for me?,Qual è il servizio adatto a me?,Welcher Service passt zu mir?
,28,tc37,End to end delivery,Consegna dall'inizio alla fine,End-to-End-Lieferung
,28,tc38,or,oppure,oder
,28,tc39,Need support to implement,Hai bisogno di supporto per l'implementazione,Brauche Unterstützung bei der Umsetzung
,29,tc40,How we do it,Il nostro metodo,Wie wir es machen
,30,tc41,1. Upload your data,1. Carica i tuoi dati,1. Laden Sie Ihre Daten hoch
,31,tc42,Our models use privacy safe weekly data across all key drivers of business.,I nostri modelli utilizzano dati settimanali sicuri per la privacy su tutti i principali fattori di business.,Unsere Modelle nutzen datenschutzsichere wöchentliche Daten zu allen wichtigen Geschäftsfaktoren.
,32,tc43,All data used is GDPR compliant.,Tutti i dati utilizzati sono conformi al GDPR.,Alle verwendeten Daten sind DSGVO-konform.
,33,tc44,"Data can be supplied as a CSV, uploaded to the platform or connect to your data sources.","I dati possono essere forniti come CSV, caricati sulla piattaforma o collegati alle origini dati.","Daten können als CSV bereitgestellt, auf die Plattform hochgeladen oder mit Ihren Datenquellen verbunden werden."
,34,tc45,2. Build models to identify true drivers,2. Costruire modelli per identificare i veri fattori trainanti,"2. Erstellen Sie Modelle, um echte Treiber zu identifizieren"
,35,tc46,A combination of machine learning and human oversight powers your analysis to ensure accuracy & insight.,Una combinazione di apprendimento automatico e supervisione umana potenzia la tua analisi per garantire accuratezza e insight.,"Eine Kombination aus maschinellem Lernen und menschlicher Aufsicht unterstützt Ihre Analyse, um Genauigkeit und Erkenntnisse zu gewährleisten."
,36,tc47,We measure the true drivers of your business and what the incremental impact of your marketing is.,Misuriamo i veri fattori trainanti della tua attività e qual è l'impatto incrementale del tuo marketing.,Wir messen die wahren Triebfedern Ihres Unternehmens und die inkrementellen Auswirkungen Ihres Marketings.
,37,tc48,In a world of powerful AI it is important to have experienced marketers ensuring that each marketing channel is being measured fairly,In un mondo di potente intelligenza artificiale è importante disporre di esperti di marketing che garantiscano che ogni canale di marketing venga misurato in modo equo,"In einer Welt leistungsstarker KI ist es wichtig, erfahrene Vermarkter zu haben, die sicherstellen, dass jeder Marketingkanal fair bewertet wird"
,38,tc49,3. Compare the true impact of campaigns,3. Confronta il reale impatto delle campagne,3. Vergleichen Sie die tatsächliche Wirkung von Kampagnen
,39,tc50,Does £1/ $1 invested on Meta drive a greater Return on Investment (ROI) than on TV or YouTube?,£ 1/$ 1 investito su Meta genera un ritorno sull'investimento (ROI) maggiore rispetto alla TV o a YouTube?,Erzielt die Investition von 1 £/$ in Meta einen höheren Return on Investment (ROI) als im Fernsehen oder auf YouTube?
,40,tc51,Use the platform to review campaign performance and understand what factors are truly driving your business.,Utilizza la piattaforma per esaminare il rendimento delle campagne e capire quali fattori stanno realmente guidando la tua attività.,"Nutzen Sie die Plattform, um die Kampagnenleistung zu überprüfen und zu verstehen, welche Faktoren Ihr Unternehmen wirklich antreiben."
,41,tc52,4. Increase your ROI through optimisation,4. Aumenta il tuo ROI attraverso l'ottimizzazione,4. Steigern Sie Ihren ROI durch Optimierung
,42,tc53,How much extra profit can we make by optimising the same budget? What should be our optimal marketing budget for this quarter?,Quanto profitto extra possiamo ottenere ottimizzando lo stesso budget? Quale dovrebbe essere il nostro budget di marketing ottimale per questo trimestre?,Wie viel zusätzlichen Gewinn können wir durch die Optimierung desselben Budgets erzielen? Wie hoch sollte unser optimales Marketingbudget für dieses Quartal sein?
,43,tc54,Use the optimisation tool to make changes to yoru marketing plan that increase your business KPIs. ,Utilizza lo strumento di ottimizzazione per apportare modifiche al tuo piano di marketing che aumentano i KPI della tua attività. ,"Nutzen Sie das Optimierungstool, um Änderungen an Ihrem Marketingplan vorzunehmen, die Ihre Geschäfts-KPIs steigern. "
,44,tc55,Talk the language of your Finance Team by forecasting how much extra profit a marketing campaign will drive,Parla il linguaggio del tuo team finanziario prevedendo il profitto extra che porterà una campagna di marketing,"Sprechen Sie die Sprache Ihres Finanzteams, indem Sie prognostizieren, wie viel zusätzlicher Gewinn eine Marketingkampagne bringen wird"
,45,tc56,5. Shape your marketing strategy,5. Dai forma alla tua strategia di marketing,5. Gestalten Sie Ihre Marketingstrategie
,46,tc57,Should i be investing in more in brand or performance marketing?,Dovrei investire di più nel brand o nel performance marketing?,Sollte ich mehr in Marken- oder Performance-Marketing investieren?
,47,tc58,Through tailored analysis we shape your marketing strategy and give clear answers to tactical questions.,Attraverso analisi personalizzate modelliamo la tua strategia di marketing e diamo risposte chiare alle domande tattiche.,Durch maßgeschneiderte Analysen gestalten wir Ihre Marketingstrategie und geben klare Antworten auf taktische Fragen.
,48,tc59,6. Embed in your business,6. Integrati nella tua attività,6. Integrieren Sie sich in Ihr Unternehmen
,49,tc60,How do you move away from last click reporting? How do i ensure finance teams understand the value of marketing investment?,Come abbandonare il reporting dell'ultimo clic? Come posso garantire che i team finanziari comprendano il valore degli investimenti di marketing?,"Wie kommen Sie von der Last-Click-Berichterstattung weg? Wie stelle ich sicher, dass Finanzteams den Wert von Marketinginvestitionen verstehen?"
,50,tc61,Linea's experienced team guide your business through the evolution of true impact marketing.,Il team esperto di Linea guida il tuo business attraverso l'evoluzione del vero marketing d'impatto.,Das erfahrene Team von Linea begleitet Ihr Unternehmen durch die Entwicklung eines echten Impact-Marketings.
,51,tc62,Through transparency we ensure that teams can get the best value from the analysis,Attraverso la trasparenza garantiamo che i team possano ottenere il massimo valore dall'analisi,"Durch Transparenz stellen wir sicher, dass Teams den größtmöglichen Nutzen aus der Analyse ziehen können"
,52,tc63,What service is right for your business,Qual è il servizio giusto per la tua azienda,Welcher Service der richtige für Ihr Unternehmen ist
,53,tc64,LINEA team support in collating data,Supporto del team LINEA nella raccolta dati,Unterstützung des LINEA-Teams bei der Datenerfassung
,54,tc65,Confirm data accuracy,Conferma l'accuratezza dei dati,Bestätigen Sie die Datengenauigkeit
,55,tc66,Model Build & verification,Costruzione e verifica del modello,Modellerstellung und -überprüfung
,56,tc67,LINEA team methodology Session,Sessione metodologia del team LINEA,Sitzung zur Methodik des LINEA-Teams
,57,tc68,Deliver results into platform,Fornire risultati nella piattaforma,Liefern Sie Ergebnisse an die Plattform
,58,tc69,Access to optimisation tools,Accesso agli strumenti di ottimizzazione,Zugriff auf Optimierungstools
,59,tc70,LINEA team deliver results session,Il team LINEA fornisce la sessione dei risultati,Das LINEA-Team liefert eine Ergebnissitzung
,60,tc71,Answer bespoke questions (days post delivery),Rispondere a domande personalizzate (giorni successivi alla consegna),Beantworten Sie maßgeschneiderte Fragen (Tage nach Lieferung)
,61,tc72,Why measure your marketing with Linea,Perché misurare il tuo marketing con Linea,Warum Ihr Marketing mit Linea messen?
,62,tc73,Home,Home,Heim
,63,tc74,Solutions,Soluzioni,Lösungen
,64,tc75,Platform,Piattaforma,Plattform
,65,tc76,Full Service,Servizio Completo,Full-Service
,66,tc77,About,Chi Siamo,Um
,67,tc78,Our Thinking,Blog,Unser Denken
,68,tc79,Clients,Clienti,Kunden
,69,tc80,Client Portal,Portale Clienti,Kundenportal
,70,tc81,Queries,Domande,Abfragen
,71,tc82,Quick Links,Collegamenti rapidi,Quicklinks
,72,tc83,Articles and resources for marketing analytics,Articoli e risorse per marketing analytics,Artikel und Ressourcen für Marketinganalysen
,73,tc84,Articles,Articoli,Artikel
,74,tc85,Full Service Measurement Platform,Servizio Completo,Full-Service-Messplattform
,75,tc86,Platform designed for brands of all sizes to get the true uplift of their marketing,Piattaforma progettata per marchi di tutte le dimensioni per ottenere il vero miglioramento del loro marketing,"Plattform für Marken jeder Größe, um ihr Marketing optimal zu nutzen"
,76,tc87,For business that have the internal experience to communicate & implement the marketing mix modelling analysis,Per le aziende che hanno l'esperienza interna per comunicare e implementare l'analisi di modellazione del marketing mix,"Für Unternehmen, die über die interne Erfahrung zur Kommunikation und Umsetzung der Marketing-Mix-Modellierungsanalyse verfügen"
,77,tc88,Our Mission,La nostra missione,Unsere Mission
,78,tc89,Our Team,La nostra squadra,Unser Team
,79,tc90,Join Us,Unisciti a noi,Begleiten Sie uns
,80,tc91,Build transparent technology that allows you to measure the true uplift of your marketing,Costruisci una tecnologia trasparente che ti consenta di misurare il reale miglioramento del tuo marketing,"Erstellen Sie eine transparente Technologie, mit der Sie den tatsächlichen Nutzen Ihres Marketings messen können"
,81,tc92,Our areas of focus are,Le nostre aree di interesse sono,Unsere Schwerpunkte sind
,82,tc93,People,Persone,Menschen
,83,tc94,Accuracy,Precisione,Genauigkeit
,84,tc95,Transparency,Trasparenza,Transparenz
,85,tc96,Implementation,Attuazione,Durchführung
,86,tc97,Our team brings a wealth of experience building best in class measurement for the world's biggest brands - we understand your challenges.,Il nostro team vanta una vasta esperienza nella creazione di misurazioni di altissimo livello per i più grandi marchi del mondo: comprendiamo le tue sfide.,Unser Team verfügt über umfangreiche Erfahrung im Aufbau erstklassiger Messungen für die größten Marken der Welt – wir verstehen Ihre Herausforderungen.
,87,tc98,We combine the smartest data scientists building the best measurement platform with the best data communicators to drive impact for your business,Uniamo i data scientist più intelligenti per creare la migliore piattaforma di misurazione con i migliori comunicatori di dati per generare impatto per la tua azienda,"Wir kombinieren die intelligentesten Datenwissenschaftler, die die beste Messplattform entwickeln, mit den besten Datenkommunikatoren, um die Wirkung für Ihr Unternehmen zu steigern"
,88,tc99,"15 years experience at MediaMonks, Brightblue & Mediacom. Delivered marketing effectiveness programme to drive business growth","15 anni di esperienza presso MediaMonks, Brightblue e Mediacom. Fornito programma di efficacia del marketing per favorire la crescita del business","15 Jahre Erfahrung bei MediaMonks, Brightblue und Mediacom. Bereitstellung eines Marketingeffektivitätsprogramms zur Förderung des Geschäftswachstums"
,89,tc100,"7 years experience building best in class measurement software at IPG MediaLabs, Brightblue & Decoded","7 anni di esperienza nella creazione dei migliori software di misurazione presso IPG MediaLabs, Brightblue e Decoded","7 Jahre Erfahrung in der Entwicklung erstklassiger Messsoftware bei IPG MediaLabs, Brightblue und Decoded"
,90,tc101,Keen to be a part of the revolution in marketing measurement?,Desideri far parte della rivoluzione nella misurazione del marketing?,Möchten Sie Teil der Revolution in der Marketingmessung sein?
,91,tc102,We are always looking for:,Cerchiamo sempre:,Wir sind immer auf der Suche nach:
,92,tc103,The smartest,Il più intelligente,Der Klügste
,93,tc104,to drive our platform,per guidare la nostra piattaforma,um unsere Plattform voranzutreiben
,94,tc105,The best,Il migliore,Der beste
,95,tc106,to drive impact for our clients,per generare impatto per i nostri clienti,um die Wirkung für unsere Kunden zu steigern
,96,tc107,"If this is you, get in touch:","Se sei tu, contattaci:","Wenn Sie das sind, nehmen Sie Kontakt mit uns auf:"
,97,tc108,About us,Chi Siamo,Über uns